9780530239033,"Iste modi accusantium autem suscipit quia et et dolorum.","Roslyn Morissette","2002-09-08T00:00:00+00:00"
9782062691334,"Ea aperiam unde voluptatem tempora beatae neque.","Lola Kuphal","2003-01-15T00:00:00+00:00"
9787660207130,"Quam occaecati culpa aut in.","Prof. Lee Blick PhD","1988-11-15T00:00:00+00:00"
9793264453354,"Eius commodi odio ut aliquid et sit enim.","Prof. Osvaldo Will","1996-02-01T00:00:00+00:00"
9799035988766,"Fugiat dolores placeat reprehenderit nesciunt.","Mrs. Gloria Crooks","2005-09-25T00:00:00+00:00"
9791145436588,"Non et et et fugit.","Flavie Deckow MD","1995-03-30T00:00:00+00:00"
9790131363549,"Est magnam ut nemo.","Leanna Hudson","2017-09-09T00:00:00+00:00"
9796434032946,"Et mollitia deleniti qui nostrum.","Lorine Barrows","1973-05-31T00:00:00+00:00"
9796838140193,"Fuga ut perspiciatis quia quasi sit dolore.","Mrs. Alene Baumbach","1980-09-07T00:00:00+00:00"
9791943452827,"Voluptas doloremque esse dolor qui illo placeat harum voluptatem.","Miss Gladyce Nader I","1970-10-22T00:00:00+00:00"
9783410333852,"Recusandae nobis hic rerum delectus dolorum voluptas.","Annette Pouros","2016-12-01T00:00:00+00:00"
9796540623892,"Recusandae voluptatem veniam enim quae voluptas assumenda.","Mr. Amir Christiansen","2004-04-27T00:00:00+00:00"
9782519681239,"Impedit recusandae omnis consequatur ut repellendus.","Arlie Upton","2003-09-07T00:00:00+00:00"
9789208931293,"Nesciunt voluptas et aut.","Easter Tillman","2013-12-17T00:00:00+00:00"
9798998254956,"Numquam animi culpa velit dignissimos molestias tenetur a.","Reymundo Hyatt","2015-01-08T00:00:00+00:00"
9782325518019,"Ex accusamus aut itaque nesciunt sit quidem fugit sapiente.","Libby Sipes II","1976-08-01T00:00:00+00:00"
9795879755373,"Necessitatibus quasi qui sit rem.","Raoul Corkery","2004-02-06T00:00:00+00:00"
9784894265196,"Ratione animi maxime enim est quam provident.","Mrs. Elinor White","2004-11-01T00:00:00+00:00"
9790275158155,"Quibusdam quia aut culpa dolores consectetur quod doloremque.","Prof. Scotty Pfannerstill DVM","1999-09-09T00:00:00+00:00"
9784380900662,"Sed ipsum omnis maiores.","Louie Fahey","2005-08-14T00:00:00+00:00"
9790973810966,"Et sit enim omnis.","Max Rosenbaum","1986-01-21T00:00:00+00:00"
9789217759086,"Aut culpa reiciendis dolorum eaque accusantium exercitationem animi.","Conrad Robel","2003-08-18T00:00:00+00:00"
9781802036169,"Alias et similique impedit beatae dolores.","Ms. Mollie Padberg","2017-11-20T00:00:00+00:00"
9795002569075,"Tenetur itaque illo sunt possimus esse.","Stan Kuhlman","1974-02-08T00:00:00+00:00"
9781758312188,"Eligendi vel est repellat asperiores vitae neque optio quod.","Roosevelt Cruickshank","2005-08-27T00:00:00+00:00"
9783294262392,"Rerum officia et neque pariatur vel.","Makayla Shields","1979-01-03T00:00:00+00:00"
9794776703739,"Debitis et aliquam qui vel debitis.","Dr. Reynold Breitenberg Jr.","1975-11-16T00:00:00+00:00"
9782804840082,"Expedita necessitatibus accusamus sed iure.","Holly Hodkiewicz","1975-05-14T00:00:00+00:00"
9786693949796,"Sit qui officia nihil quidem.","Astrid Walter","1979-05-17T00:00:00+00:00"
9784138508058,"Eveniet nesciunt dolore et id aspernatur sapiente.","Prof. Taylor Mann","1996-04-07T00:00:00+00:00"
